name,id,wmc,dit,noc,cbo,rfc,lcom,npm,loc,bug
org.apache.tools.ant.taskdefs.rmic.RmicAdapterFactory,1,3,1,0,10,18,3,1,106,0
org.apache.tools.ant.taskdefs.optional.perforce.FStatP4OutputHandler,2,5,2,0,4,13,0,4,76,0
org.apache.tools.ant.taskdefs.optional.junit.OutErrSummaryJUnitResultFormatter,3,1,2,0,1,3,0,1,7,0
org.apache.tools.ant.taskdefs.optional.perforce.P4HandlerAdapter,4,8,1,9,13,20,12,8,101,0
org.apache.tools.ant.taskdefs.WaitFor,5,9,3,0,5,26,16,7,185,1
org.apache.tools.ant.taskdefs.optional.depend.constantpool.ConstantCPInfo,6,3,2,5,7,4,1,2,16,0
org.apache.tools.zip.AsiExtraField,7,20,1,0,4,40,130,18,345,1
org.apache.tools.ant.types.resources.selectors.Date,8,13,1,0,7,28,20,12,183,0
org.apache.tools.ant.util.facade.FacadeTaskHelper,9,9,1,0,5,19,8,9,119,0
org.apache.tools.ant.types.selectors.DepthSelector,10,7,5,0,9,25,0,7,255,0
org.apache.tools.ant.taskdefs.optional.dotnet.JSharp,11,9,6,0,5,17,26,6,71,0
org.apache.tools.ant.taskdefs.LogStreamHandler,12,3,2,0,19,10,3,3,38,0
org.apache.tools.ant.input.InputHandler,13,1,1,0,10,1,0,1,1,0
org.apache.tools.zip.JarMarker,14,9,1,0,3,12,20,8,54,0
org.apache.tools.ant.taskdefs.optional.clearcase.CCMkbl,15,19,4,0,7,40,129,16,252,0
org.apache.tools.ant.types.resources.Restrict,16,10,4,2,13,26,0,9,110,0
org.apache.tools.ant.DemuxInputStream,17,3,2,0,2,5,0,3,34,0
org.apache.tools.ant.taskdefs.optional.ejb.IPlanetEjbc,18,20,1,0,7,79,136,10,835,0
org.apache.tools.zip.ZipExtraField,19,6,1,0,8,6,15,6,6,0
org.apache.tools.ant.types.resources.comparators.FileSystem,20,3,4,0,5,11,1,1,41,1
org.apache.tools.ant.taskdefs.condition.TypeFound,21,5,2,0,7,14,6,4,70,0
org.apache.tools.ant.taskdefs.optional.perforce.P4OutputHandler,22,1,1,0,1,1,0,1,1,0
org.apache.tools.ant.taskdefs.email.Message,23,11,2,0,7,26,0,11,181,0
org.apache.tools.ant.taskdefs.optional.vss.MSVSSCP,24,3,4,0,5,15,3,2,51,0
org.apache.tools.ant.taskdefs.condition.IsSet,25,3,2,0,5,7,1,3,29,0
org.apache.tools.ant.taskdefs.optional.Rpm,26,16,3,0,15,65,76,13,483,1
org.apache.tools.ant.types.selectors.BaseExtendSelector,27,4,4,8,12,5,0,3,18,0
org.apache.tools.ant.taskdefs.optional.junit.XMLJUnitResultFormatter,28,15,1,0,11,65,75,11,443,0
org.apache.tools.ant.taskdefs.optional.net.SetProxy,29,11,3,0,3,24,17,10,309,0
org.apache.tools.ant.util.KeepAliveInputStream,30,2,3,0,1,3,1,2,7,0
org.apache.tools.ant.taskdefs.CallTarget,31,15,3,0,9,41,0,15,204,0
org.apache.tools.ant.taskdefs.DefBase,32,14,4,3,11,29,85,11,108,0
org.apache.tools.zip.ZipOutputStream,33,27,3,0,8,101,157,15,1286,1
org.apache.tools.ant.taskdefs.optional.perforce.P4Label,34,5,4,0,8,23,4,5,249,0
org.apache.tools.ant.taskdefs.XSLTLiaison,35,3,1,0,2,3,3,3,4,0
org.apache.tools.ant.types.resources.BCFileSet,36,4,5,0,5,19,6,4,57,0
org.apache.tools.ant.taskdefs.optional.extension.ExtraAttribute,37,6,1,0,2,11,3,4,53,0
org.apache.tools.ant.taskdefs.optional.vss.MSVSS,38,55,3,8,20,106,1313,9,1133,0
org.apache.tools.ant.util.regexp.Jdk14RegexpRegexp,39,3,2,0,4,19,3,2,136,0
org.apache.tools.ant.taskdefs.condition.AntVersion,40,8,1,0,4,22,0,6,169,0
org.apache.tools.ant.util.LazyFileOutputStream,41,11,2,0,1,23,39,10,136,0
org.apache.tools.ant.util.LoaderUtils,42,10,1,0,10,29,43,8,91,0
org.apache.tools.ant.loader.AntClassLoader2,43,1,3,0,1,2,0,1,4,0
org.apache.tools.ant.taskdefs.rmic.ForkingSunRmic,44,3,2,1,12,22,3,2,72,0
org.apache.tools.ant.util.StringUtils,45,9,1,0,32,36,36,7,281,0
org.apache.tools.ant.types.Parameter,46,7,1,0,24,8,3,7,43,0
org.apache.tools.ant.util.regexp.Jdk14RegexpMatcher,47,9,1,1,4,19,30,7,130,0
org.apache.tools.ant.DirectoryScanner,48,63,1,2,61,144,1603,31,2303,3
org.apache.tools.ant.taskdefs.LogOutputStream,49,6,3,2,20,13,7,3,56,0
org.apache.tools.ant.taskdefs.optional.jsp.JspMangler,50,2,1,0,6,2,1,2,2,0
org.apache.tools.ant.taskdefs.optional.dotnet.Ildasm,51,22,3,0,5,47,159,19,365,0
org.apache.tools.ant.taskdefs.Apt,52,17,5,0,9,34,118,17,137,1
org.apache.tools.ant.taskdefs.MacroInstance,53,12,3,0,15,99,18,8,804,2
org.apache.tools.ant.DemuxOutputStream,54,10,2,0,3,30,27,5,245,0
org.apache.tools.ant.types.ZipScanner,55,2,3,0,9,20,1,1,128,1
org.apache.tools.ant.taskdefs.ExecTask,56,43,3,1,25,120,451,30,920,1
org.apache.tools.ant.types.DataType,57,22,2,28,37,44,183,7,271,0
org.apache.tools.ant.types.ArchiveFileSet,58,34,5,2,15,67,295,29,586,3
org.apache.tools.ant.taskdefs.rmic.XNewRmic,59,2,3,0,3,4,1,1,19,0
org.apache.tools.ant.taskdefs.optional.junit.Enumerations,60,3,1,0,3,6,3,2,16,0
org.apache.tools.ant.taskdefs.Nice,61,4,3,0,3,16,2,4,76,0
org.apache.tools.ant.taskdefs.optional.Script,62,11,3,0,8,26,0,11,76,0
org.apache.tools.ant.taskdefs.optional.junit.JUnitVersionHelper,63,4,1,0,7,20,4,2,187,1
org.apache.tools.ant.AntClassLoader,64,56,2,2,51,169,1200,35,1842,6
org.apache.tools.ant.types.selectors.DifferentSelector,65,5,5,0,8,16,0,3,105,0
org.apache.tools.ant.taskdefs.optional.junit.DOMUtil,66,5,1,0,3,41,10,4,241,0
org.apache.tools.ant.types.selectors.modifiedselector.DigestAlgorithm,67,7,1,0,3,26,0,7,218,0
org.apache.tools.ant.taskdefs.optional.windows.Attrib,68,17,5,0,6,35,130,12,207,1
org.apache.tools.ant.taskdefs.cvslib.ChangeLogWriter,69,4,1,0,6,33,0,2,157,0
org.apache.tools.ant.taskdefs.optional.extension.JarLibDisplayTask,70,5,3,0,6,26,0,4,141,0
org.apache.tools.ant.taskdefs.optional.ssh.SSHExec,71,9,4,0,11,54,10,7,345,4
org.apache.tools.ant.taskdefs.TaskOutputStream,72,3,2,0,1,10,0,1,67,0
org.apache.tools.ant.types.resources.selectors.Size,73,6,1,0,3,10,0,6,52,0
org.apache.tools.ant.types.selectors.MajoritySelector,74,4,5,0,7,15,0,4,77,0
org.apache.tools.ant.taskdefs.condition.IsFailure,75,4,1,0,2,6,0,4,19,0
org.apache.tools.ant.taskdefs.optional.junit.XalanExecutor,76,9,1,1,4,32,34,0,145,0
org.apache.tools.ant.types.selectors.SizeSelector,77,8,5,0,11,31,0,8,329,0
org.apache.tools.ant.taskdefs.optional.Cab,78,15,4,0,14,83,47,8,566,0
org.apache.tools.ant.util.TimeoutObserver,79,1,1,0,3,1,0,1,1,0
org.apache.tools.ant.util.DOMElementWriter,80,17,1,0,8,67,90,13,878,0
org.apache.tools.ant.types.resources.CompressedResource,81,24,4,2,7,50,270,20,250,0
org.apache.tools.ant.taskdefs.optional.depend.ClassFile,82,4,1,0,8,20,0,4,106,0
org.apache.tools.zip.ZipEntry,83,27,2,0,11,53,229,23,405,1
org.apache.tools.ant.types.AntFilterReader,84,10,3,0,8,32,15,10,166,0
org.apache.tools.ant.DynamicAttribute,85,1,1,0,4,1,0,1,1,0
org.apache.tools.ant.types.selectors.ExtendSelector,86,10,4,0,15,36,3,10,249,0
org.apache.tools.ant.taskdefs.optional.ccm.CCMCheck,87,11,4,3,12,41,19,9,240,0
org.apache.tools.ant.taskdefs.JikesOutputParser,88,12,1,0,3,22,44,5,156,0
org.apache.tools.ant.taskdefs.LoadProperties,89,12,3,0,14,58,0,11,303,1
org.apache.tools.ant.taskdefs.condition.Not,90,2,3,0,3,8,1,2,33,0
org.apache.tools.ant.taskdefs.optional.ReplaceRegExp,91,15,3,0,10,77,41,12,725,3
org.apache.tools.ant.taskdefs.BuildNumber,92,7,3,0,4,38,0,3,258,0
org.apache.tools.ant.BuildLogger,93,4,1,0,6,4,6,4,4,0
org.apache.tools.ant.types.resources.comparators.Reverse,94,4,4,0,5,8,4,3,42,0
org.apache.tools.ant.types.resources.ArchiveResource,95,21,4,2,9,55,162,18,361,0
org.apache.tools.ant.types.resources.First,96,4,4,0,3,12,0,3,55,0
org.apache.tools.ant.taskdefs.email.Mailer,97,19,1,2,9,21,145,18,143,1
org.apache.tools.ant.taskdefs.optional.junit.XMLResultAggregator,98,12,3,0,11,75,44,7,455,0
org.apache.tools.ant.util.regexp.RegexpMatcher,99,6,1,0,9,6,15,6,10,0
org.apache.tools.ant.types.selectors.OrSelector,100,3,5,0,7,14,3,3,52,0
org.apache.tools.ant.types.spi.Service,101,7,2,0,5,27,0,7,115,0
org.apache.tools.ant.taskdefs.Pack,102,14,3,2,8,38,83,8,220,2
org.apache.tools.ant.taskdefs.optional.ejb.DescriptorHandler,103,11,2,3,11,39,7,10,605,0
org.apache.tools.ant.taskdefs.optional.jlink.jlink,104,17,1,0,2,81,100,9,654,0
org.apache.tools.ant.taskdefs.optional.perforce.SimpleP4OutputHandler,105,2,2,1,17,14,0,2,103,0
org.apache.tools.ant.types.Mapper,106,15,3,0,25,44,45,13,311,0
org.apache.tools.ant.Task,107,29,2,102,184,66,346,19,375,0
org.apache.tools.ant.types.resources.Files,108,34,4,0,10,92,39,29,710,1
org.apache.tools.ant.types.selectors.modifiedselector.HashvalueAlgorithm,109,4,1,0,2,13,6,4,45,0
org.apache.tools.ant.util.SourceFileScanner,110,7,1,0,15,23,5,6,148,0
org.apache.tools.ant.taskdefs.optional.i18n.Translate,111,19,4,0,8,84,103,14,1034,0
org.apache.tools.ant.util.optional.WeakishReference12,112,1,3,0,1,2,0,1,5,0
org.apache.tools.ant.types.selectors.FilenameSelector,113,8,5,0,10,23,0,8,197,0
org.apache.tools.ant.taskdefs.optional.junit.FormatterElement,114,15,1,0,7,34,75,11,286,0
org.apache.tools.ant.util.regexp.RegexpMatcherFactory,115,6,1,1,8,22,15,3,163,0
org.apache.tools.ant.taskdefs.Mkdir,116,4,3,0,3,18,4,3,111,0
org.apache.tools.ant.BuildListener,117,7,1,0,16,7,21,7,7,1
org.apache.tools.ant.taskdefs.optional.jlink.ClassNameReader,118,2,1,0,2,8,1,2,48,0
org.apache.tools.ant.taskdefs.optional.vss.MSVSSConstants,119,0,1,0,1,0,0,0,48,0
org.apache.tools.ant.taskdefs.optional.clearcase.CCMklbtype,120,24,4,0,7,43,222,20,309,0
org.apache.tools.ant.taskdefs.optional.pvcs.PvcsProject,121,3,1,0,1,4,1,3,14,0
org.apache.tools.ant.filters.StripJavaComments,122,4,4,0,3,7,0,4,161,0
org.apache.tools.ant.taskdefs.Taskdef,123,1,7,0,1,7,0,1,40,0
org.apache.tools.ant.util.LineTokenizer,124,4,2,0,8,10,0,4,125,0
org.apache.tools.ant.filters.ReplaceTokens,125,14,5,0,7,49,7,7,488,1
org.apache.tools.ant.PathTokenizer,126,3,1,0,3,18,0,3,204,0
org.apache.tools.ant.filters.BaseParamFilterReader,127,4,4,12,15,7,4,3,22,0
org.apache.tools.ant.types.selectors.MappingSelector,128,8,4,2,9,24,8,6,143,0
org.apache.tools.ant.util.ConcatFileInputStream,129,9,2,0,4,19,10,6,159,0
org.apache.tools.ant.types.resources.selectors.And,130,3,4,0,4,9,3,3,27,0
org.apache.tools.ant.taskdefs.optional.javacc.JJTree,131,22,3,0,13,80,59,17,678,0
org.apache.tools.ant.taskdefs.optional.dotnet.DotnetBaseMatchingTask,132,11,4,2,8,38,45,6,202,0
org.apache.tools.ant.filters.ExpandProperties,133,4,4,0,4,13,0,4,87,0
org.apache.tools.ant.types.selectors.modifiedselector.PropertiesfileCache,134,12,1,0,2,42,0,12,234,0
org.apache.tools.ant.taskdefs.cvslib.RCSFile,135,5,1,0,2,7,4,0,39,0
org.apache.tools.ant.types.resources.ZipResource,136,12,5,0,10,52,60,10,213,0
org.apache.tools.ant.taskdefs.ExecuteStreamHandler,137,5,1,0,31,5,10,5,5,0
org.apache.tools.ant.taskdefs.optional.dotnet.NetCommand,138,19,1,0,23,69,81,14,517,0
org.apache.tools.ant.listener.TimestampedLogger,139,4,2,0,1,15,6,1,49,0
org.apache.tools.mail.ErrorInQuitException,140,1,4,0,1,3,0,1,6,0
org.apache.tools.ant.taskdefs.UpToDate,141,14,3,0,17,48,41,11,384,1
org.apache.tools.ant.types.resources.comparators.Exists,142,2,4,0,2,4,1,1,20,0
org.apache.tools.ant.util.ProxySetup,143,3,1,0,2,13,1,3,76,0
org.apache.tools.ant.taskdefs.ManifestTask,144,7,3,0,9,39,1,7,260,1
org.apache.tools.ant.taskdefs.optional.ccm.Continuus,145,7,3,3,12,26,9,4,106,0
org.apache.tools.ant.util.Retryable,146,1,1,0,1,1,0,1,2,0
org.apache.tools.ant.taskdefs.optional.RenameExtensions,147,6,4,0,9,33,0,6,205,0
org.apache.tools.ant.BuildEvent,148,11,2,0,17,15,13,11,97,0
org.apache.tools.ant.util.CompositeMapper,149,2,2,0,3,13,1,2,48,0
org.apache.tools.ant.types.resources.FileResource,150,24,4,0,45,68,244,22,397,2
org.apache.tools.ant.util.ScriptRunnerBase,151,25,1,1,13,59,248,20,290,0
org.apache.tools.ant.taskdefs.cvslib.RedirectingStreamHandler,152,3,2,0,5,12,3,1,40,0
org.apache.tools.ant.launch.Launcher,153,9,1,0,5,57,34,2,566,1
org.apache.tools.ant.taskdefs.condition.IsTrue,154,3,2,0,4,6,0,3,30,0
org.apache.tools.ant.taskdefs.Zip,155,49,4,1,31,210,844,28,2937,8
org.apache.tools.ant.taskdefs.optional.unix.AbstractAccessTask,156,6,5,2,8,21,15,5,83,1
org.apache.tools.ant.taskdefs.optional.extension.ExtensionSet,157,7,3,0,11,28,0,7,122,0
org.apache.tools.ant.types.resources.selectors.Or,158,3,4,0,4,9,3,3,27,0
org.apache.tools.bzip2.BZip2Constants,159,1,1,0,2,1,0,0,2064,0
org.apache.tools.ant.util.GlobPatternMapper,160,8,1,2,5,22,6,6,185,3
org.apache.tools.ant.taskdefs.War,161,11,6,0,6,34,39,7,195,2
org.apache.tools.ant.taskdefs.optional.vss.MSVSSADD,162,8,4,0,6,26,22,6,95,0
org.apache.tools.ant.types.Permissions,163,12,1,0,8,34,26,6,341,0
org.apache.tools.ant.taskdefs.condition.HasFreeSpace,164,7,1,0,5,16,0,6,86,0
org.apache.tools.ant.taskdefs.email.UUMailer,165,2,3,0,3,15,1,0,58,0
org.apache.tools.ant.types.resources.selectors.ResourceSelector,166,1,1,0,26,1,0,1,1,0
org.apache.tools.ant.util.ResourceUtils,167,14,1,0,30,96,87,10,905,1
org.apache.tools.ant.AntTypeDefinition,168,21,1,2,14,47,124,18,575,0
org.apache.tools.ant.taskdefs.AntlibDefinition,169,5,3,3,6,12,2,5,48,0
org.apache.tools.ant.taskdefs.optional.j2ee.WebLogicHotDeploymentTool,170,13,2,0,8,37,60,7,331,0
org.apache.tools.ant.taskdefs.optional.vss.MSVSSLABEL,171,6,4,0,5,25,15,5,94,0
org.apache.tools.ant.types.selectors.ExtendFileSelector,172,0,1,0,4,0,0,0,0,0
org.apache.tools.ant.util.optional.JavaxScriptRunner,173,6,2,0,4,34,11,5,236,1
org.apache.tools.ant.taskdefs.optional.perforce.P4Change,174,5,4,0,6,17,6,5,94,0
org.apache.tools.ant.taskdefs.optional.ssh.Scp,175,24,4,0,14,85,180,13,741,4
org.apache.tools.ant.taskdefs.optional.javah.SunJavah,176,3,1,0,12,38,3,2,182,0
org.apache.tools.ant.types.CommandlineJava,177,39,1,0,21,94,461,33,559,0
org.apache.tools.ant.filters.ClassConstants,178,4,4,0,4,20,0,4,162,0
org.apache.tools.ant.taskdefs.optional.clearcase.CCLock,179,20,4,0,7,42,148,15,263,0
org.apache.tools.ant.taskdefs.Cvs,180,1,4,0,1,2,0,1,4,0
org.apache.tools.ant.types.Reference,181,9,1,1,63,15,14,9,103,0
org.apache.tools.ant.filters.LineContains,182,10,5,0,6,29,0,7,212,0
org.apache.tools.ant.taskdefs.optional.junit.Constants,183,1,1,0,0,2,0,1,16,1
org.apache.tools.ant.taskdefs.Available,184,22,3,0,12,71,163,17,783,1
org.apache.tools.ant.types.selectors.TypeSelector,185,6,5,0,8,21,0,6,104,0
org.apache.tools.ant.taskdefs.Sleep,186,10,3,0,2,20,21,9,129,0
org.apache.tools.ant.types.resources.comparators.ResourceComparator,187,5,3,9,18,12,10,4,62,0
org.apache.tools.ant.types.resources.comparators.Type,188,2,4,0,2,4,1,1,20,0
org.apache.tools.ant.filters.TabsToSpaces,189,7,5,0,4,18,0,5,126,0
org.apache.tools.ant.taskdefs.compilers.Jikes,190,2,2,0,8,34,1,2,346,0
org.apache.tools.ant.types.ResourceCollection,191,3,1,0,69,3,3,3,3,0
org.apache.tools.ant.util.IdentityStack,192,6,5,0,1,12,15,6,74,0
org.apache.tools.ant.UnknownElement,193,31,3,0,29,119,277,19,900,3
org.apache.tools.ant.taskdefs.Checksum,194,24,4,0,13,103,176,18,1046,2
org.apache.tools.ant.taskdefs.optional.ejb.WebsphereDeploymentTool,195,33,2,0,15,130,434,23,1220,0
org.apache.tools.ant.taskdefs.Basename,196,5,3,0,4,15,4,5,90,0
org.apache.tools.ant.taskdefs.optional.javah.Kaffeh,197,3,1,0,11,28,3,2,111,0
org.apache.tools.ant.util.ChainedMapper,198,2,2,0,2,15,1,2,73,0
org.apache.tools.ant.taskdefs.optional.ccm.CCMCheckout,199,1,5,0,1,3,0,1,7,0
org.apache.tools.ant.types.resources.BaseResourceCollectionWrapper,200,13,3,4,12,42,54,8,233,1
org.apache.tools.ant.taskdefs.BUnzip2,201,4,4,0,6,29,6,1,164,0
org.apache.tools.ant.util.Base64Converter,202,4,1,1,2,7,4,3,502,0
org.apache.tools.ant.taskdefs.optional.ssh.AbstractSshMessage,203,13,1,2,12,37,56,4,269,0
org.apache.tools.ant.types.resources.selectors.Majority,204,4,4,0,3,11,0,4,84,0
org.apache.tools.ant.taskdefs.FixCRLF,205,21,4,0,15,72,54,16,457,2
org.apache.tools.ant.taskdefs.optional.j2ee.HotDeploymentTool,206,3,1,0,5,3,3,3,8,0
org.apache.tools.ant.types.resources.Intersect,207,3,4,0,3,19,3,1,83,0
org.apache.tools.ant.taskdefs.Javac,208,77,4,1,29,123,2700,68,1021,3
org.apache.tools.ant.types.resources.Touchable,209,1,1,0,4,1,0,1,1,0
org.apache.tools.ant.taskdefs.optional.extension.resolvers.LocationResolver,210,4,1,0,5,10,0,4,36,0
org.apache.tools.ant.taskdefs.optional.sos.SOSGet,211,6,4,0,3,20,15,5,106,0
org.apache.tools.ant.types.ArchiveScanner,212,17,2,2,9,51,28,12,344,2
org.apache.tools.ant.taskdefs.optional.depend.constantpool.Utf8CPInfo,213,4,2,0,5,9,0,4,27,0
org.apache.tools.ant.types.resources.JavaResource,214,11,4,0,8,45,15,11,279,1
org.apache.tools.ant.taskdefs.optional.ejb.IPlanetDeploymentTool,215,13,2,0,8,49,54,7,450,1
org.apache.tools.ant.types.selectors.SelectorContainer,216,24,1,0,24,24,276,24,24,0
org.apache.tools.ant.taskdefs.email.MimeMailer,217,5,2,0,7,69,8,2,379,4
org.apache.tools.ant.taskdefs.optional.ssh.Directory,218,15,1,0,3,29,55,15,161,0
org.apache.tools.ant.types.FilterSetCollection,219,5,1,0,9,13,0,5,69,0
org.apache.tools.ant.taskdefs.optional.depend.DirectoryIterator,220,3,1,0,2,21,1,2,120,0
org.apache.tools.ant.taskdefs.condition.IsSigned,221,5,3,0,7,26,6,5,193,1
org.apache.tools.ant.taskdefs.cvslib.CvsVersion,222,7,4,0,3,26,9,7,210,1
org.apache.tools.ant.taskdefs.optional.depend.constantpool.ConstantPool,223,14,1,0,10,53,0,14,419,0
org.apache.tools.ant.taskdefs.optional.clearcase.CCCheckout,224,26,4,0,7,50,271,20,392,0
org.apache.tools.ant.taskdefs.XSLTProcess,225,44,4,0,28,137,774,31,1254,2
org.apache.tools.ant.TypeAdapter,226,5,1,0,7,5,10,5,5,0
org.apache.tools.ant.taskdefs.SQLExec,227,26,4,0,12,109,233,20,881,8
org.apache.tools.ant.taskdefs.optional.clearcase.CCCheckin,228,17,4,0,7,39,100,14,241,0
org.apache.tools.ant.util.FileUtils,229,58,1,0,142,158,1627,56,1752,4
org.apache.tools.ant.PropertyHelper,230,23,1,0,4,56,107,18,689,3
org.apache.tools.ant.taskdefs.optional.dotnet.ImportTypelib,231,11,3,0,4,29,17,8,224,0
org.apache.tools.ant.taskdefs.optional.extension.resolvers.URLResolver,232,8,1,0,6,24,0,6,133,0
org.apache.tools.ant.taskdefs.optional.native2ascii.KaffeNative2Ascii,233,5,2,0,8,16,8,1,77,0
org.apache.tools.ant.types.Substitution,234,4,3,0,5,7,0,4,33,1
org.apache.tools.ant.taskdefs.cvslib.CvsUser,235,6,1,0,2,11,3,6,51,0
org.apache.tools.zip.ExtraFieldUtils,236,7,1,0,4,41,15,6,388,2
org.apache.tools.ant.filters.TailFilter,237,10,5,0,5,30,0,6,328,0
org.apache.tools.ant.taskdefs.optional.junit.Xalan2Executor,238,4,2,0,3,26,0,1,115,0
org.apache.tools.ant.taskdefs.Length,239,17,3,0,18,53,86,14,348,1
org.apache.tools.ant.types.selectors.SelectSelector,240,13,5,0,9,34,68,12,199,0
org.apache.tools.ant.listener.AnsiColorLogger,241,3,2,0,1,17,0,1,251,0
org.apache.tools.ant.taskdefs.optional.junit.CompoundEnumeration,242,3,1,0,1,7,0,3,58,0
org.apache.tools.ant.types.Quantifier,243,6,2,0,9,16,11,5,195,0
org.apache.tools.ant.taskdefs.optional.clearcase.ClearCase,244,13,3,13,24,45,46,9,189,0
org.apache.tools.ant.taskdefs.optional.clearcase.CCUnlock,245,13,4,0,7,37,66,9,184,0
org.apache.tools.ant.taskdefs.ResourceCount,246,8,3,0,7,25,12,8,133,0
org.apache.tools.ant.taskdefs.Concat,247,29,3,0,25,109,268,20,879,4
org.apache.tools.ant.util.ScriptRunnerCreator,248,3,1,0,6,17,0,2,156,0
org.apache.tools.ant.types.resources.comparators.Content,249,4,4,0,4,7,0,3,34,0
org.apache.tools.ant.taskdefs.optional.ssh.SSHUserInfo,250,20,1,0,5,21,130,20,125,0
org.apache.tools.ant.util.JavaEnvUtils,251,16,1,0,29,40,72,11,463,0
org.apache.tools.ant.util.XmlConstants,252,1,1,0,0,2,0,1,15,0
org.apache.tools.ant.taskdefs.Unpack,253,13,3,2,9,36,62,8,202,1
org.apache.tools.ant.taskdefs.optional.extension.ExtensionResolver,254,1,1,0,7,1,0,1,1,0
org.apache.tools.tar.TarUtils,255,8,1,0,1,14,28,8,271,0
org.apache.tools.zip.UnixStat,256,0,1,0,1,0,0,0,7,0
org.apache.tools.ant.types.resources.selectors.Type,257,5,1,0,6,10,0,4,74,0
org.apache.tools.ant.types.FileList,258,12,3,0,13,32,0,10,192,0
org.apache.tools.ant.taskdefs.optional.TraXLiaison,259,25,1,0,15,108,244,15,712,2
org.apache.tools.ant.ExitException,260,3,5,0,3,7,0,3,27,0
org.apache.tools.ant.taskdefs.optional.net.MimeMail,261,2,4,0,2,9,1,2,22,0
org.apache.tools.ant.launch.Locator,262,11,1,0,8,75,53,9,968,4
org.apache.tools.ant.taskdefs.optional.depend.constantpool.IntegerCPInfo,263,3,3,0,2,11,3,3,25,0
org.apache.tools.ant.taskdefs.optional.perforce.P4Labelsync,264,9,4,0,5,20,28,9,156,0
org.apache.tools.ant.taskdefs.optional.dotnet.VisualBasicCompile,265,26,6,0,5,42,233,19,269,0
org.apache.tools.ant.taskdefs.optional.extension.JarLibAvailableTask,266,7,3,0,7,28,0,6,191,0
org.apache.tools.ant.DynamicElement,267,1,1,0,4,1,0,1,1,0
org.apache.tools.ant.taskdefs.email.Header,268,5,1,0,3,6,6,5,24,0
org.apache.tools.ant.taskdefs.Tstamp,269,6,3,0,5,27,3,4,135,0
org.apache.tools.ant.taskdefs.optional.sound.SoundTask,270,5,3,0,5,16,0,5,82,0
org.apache.tools.ant.taskdefs.optional.javacc.JJDoc,271,8,3,0,13,57,4,7,377,0
org.apache.tools.ant.types.selectors.modifiedselector.Cache,272,7,1,0,2,7,21,7,7,0
org.apache.tools.ant.types.TarFileSet,273,21,6,1,10,42,126,15,274,0
org.apache.tools.ant.taskdefs.optional.ejb.JonasDeploymentTool,274,28,2,0,12,97,302,16,1230,0
org.apache.tools.tar.TarConstants,275,0,1,0,1,0,0,0,25,0
org.apache.tools.ant.taskdefs.compilers.Sj,276,3,2,0,5,12,3,2,44,0
org.apache.tools.ant.taskdefs.optional.perforce.P4Delete,277,3,4,0,4,10,0,3,55,0
org.apache.tools.ant.taskdefs.optional.EchoProperties,278,14,3,0,10,90,63,9,615,0
org.apache.tools.ant.taskdefs.condition.Http,279,4,2,0,4,15,0,4,105,0
org.apache.tools.ant.taskdefs.Rename,280,6,3,0,5,21,3,5,104,0
org.apache.tools.ant.taskdefs.optional.depend.ClassFileIterator,281,1,1,0,3,1,0,1,1,0
org.apache.tools.ant.taskdefs.Jikes,282,2,1,0,6,30,0,0,182,0
org.apache.tools.ant.taskdefs.optional.depend.constantpool.ConstantPoolEntry,283,7,1,7,14,24,11,7,124,0
org.apache.tools.ant.taskdefs.optional.perforce.P4OutputStream,284,4,2,0,2,12,0,3,68,0
org.apache.tools.ant.taskdefs.condition.Matches,285,8,2,0,6,15,6,8,122,0
org.apache.tools.ant.taskdefs.Exec,286,10,3,0,5,45,21,7,359,0
org.apache.tools.ant.taskdefs.optional.jsp.compilers.JspCompilerAdapter,287,4,1,0,5,4,6,4,4,0
org.apache.tools.ant.util.TaskLogger,288,6,1,0,1,8,0,6,43,0
org.apache.tools.ant.taskdefs.optional.junit.BriefJUnitResultFormatter,289,13,1,0,7,40,58,11,292,0
org.apache.tools.ant.taskdefs.condition.FilesMatch,290,6,1,0,4,15,3,5,70,0
org.apache.tools.ant.taskdefs.optional.clearcase.CCRmtype,291,20,4,0,7,39,148,16,285,0
org.apache.tools.ant.util.PackageNameMapper,292,2,2,0,1,6,1,1,20,0
org.apache.tools.ant.types.selectors.SelectorUtils,293,18,1,0,10,47,145,15,1004,1
org.apache.tools.ant.taskdefs.optional.Javah,294,31,3,0,16,79,365,29,466,0
org.apache.tools.ant.taskdefs.LoadFile,295,2,4,0,3,5,1,2,12,0
org.apache.tools.ant.taskdefs.condition.HasMethod,296,12,2,0,7,37,44,9,231,0
org.apache.tools.ant.taskdefs.WhichResource,297,8,3,0,5,30,8,7,214,0
org.apache.tools.ant.types.resources.Difference,298,3,4,0,3,20,3,1,82,0
org.apache.tools.ant.taskdefs.optional.sound.AntSoundPlayer,299,14,1,0,4,43,81,11,230,0
org.apache.tools.ant.taskdefs.optional.j2ee.GenericHotDeploymentTool,300,11,2,1,8,27,21,9,94,0
org.apache.tools.ant.util.facade.ImplementationSpecificArgument,301,3,3,2,8,6,1,3,25,0
org.apache.tools.ant.taskdefs.Move,302,9,4,0,10,64,22,1,791,1
org.apache.tools.ant.taskdefs.condition.Equals,303,6,1,0,3,11,1,6,74,0
org.apache.tools.ant.types.Comparison,304,5,2,2,9,10,6,4,185,0
org.apache.tools.ant.taskdefs.optional.junit.JUnitTaskMirrorImpl,305,4,1,0,13,14,6,4,56,0
org.apache.tools.ant.IntrospectionHelper,306,35,1,0,32,120,417,24,2098,4
org.apache.tools.ant.taskdefs.XSLTLoggerAware,307,1,1,0,3,1,0,1,1,0
org.apache.tools.ant.taskdefs.cvslib.ChangeLogTask,308,15,4,0,13,87,69,10,498,2
org.apache.tools.ant.taskdefs.optional.depend.constantpool.FieldRefCPInfo,309,7,2,0,4,21,3,7,108,0
org.apache.tools.ant.taskdefs.cvslib.ChangeLogParser,310,12,1,0,4,41,0,3,381,1
org.apache.tools.ant.dispatch.Dispatchable,311,1,1,0,2,1,0,1,1,0
org.apache.tools.ant.taskdefs.cvslib.CvsTagDiff,312,13,4,0,6,72,22,8,623,1
org.apache.tools.bzip2.CBZip2OutputStream,313,41,2,0,6,60,402,8,4541,6
org.apache.tools.ant.taskdefs.condition.Os,314,13,1,0,27,23,68,12,400,1
org.apache.tools.ant.util.ScriptRunnerHelper,315,16,1,0,13,31,76,13,165,0
org.apache.tools.ant.taskdefs.Exit,316,12,3,0,6,30,30,8,282,0
org.apache.tools.ant.util.MergingMapper,317,4,1,0,4,5,0,4,24,0
org.apache.tools.ant.taskdefs.MacroDef,318,21,4,0,15,76,152,16,573,1
org.apache.tools.ant.taskdefs.TempFile,319,9,3,0,5,18,14,8,90,1
org.apache.tools.ant.taskdefs.MakeUrl,320,14,3,0,7,46,27,8,372,0
org.apache.tools.ant.taskdefs.optional.sos.SOSCmd,321,0,1,0,1,0,0,0,26,0
org.apache.tools.ant.taskdefs.condition.IsReachable,322,7,2,0,3,30,9,5,278,0
org.apache.tools.ant.taskdefs.DefaultExcludes,323,6,3,0,4,17,0,6,131,0
org.apache.tools.ant.filters.StripLineBreaks,324,7,5,0,4,17,0,5,107,0
org.apache.tools.ant.taskdefs.Transform,325,1,5,0,1,2,0,1,4,0
org.apache.tools.ant.DefaultLogger,326,18,1,4,14,42,113,12,356,3
org.apache.tools.ant.util.ClasspathUtils,327,12,1,0,19,33,66,10,261,0
org.apache.tools.ant.types.resources.Sort,328,4,4,1,11,20,0,2,75,2
org.apache.tools.ant.taskdefs.Copydir,329,8,4,0,5,39,4,7,274,0
org.apache.tools.ant.types.PatternSet,330,22,3,0,14,62,133,17,625,0
org.apache.tools.ant.types.Environment,331,4,1,1,8,10,0,4,51,0
org.apache.tools.ant.helper.ProjectHelperImpl,332,15,2,0,18,66,77,2,315,0
org.apache.tools.ant.taskdefs.Expand,333,16,3,1,18,80,86,11,631,4
org.apache.tools.ant.types.selectors.BaseSelectorContainer,334,28,4,5,23,45,348,28,204,1
org.apache.tools.ant.taskdefs.optional.javah.JavahAdapter,335,1,1,0,5,1,0,1,1,0
org.apache.tools.ant.types.selectors.PresentSelector,336,7,4,0,13,26,0,7,198,0
org.apache.tools.ant.input.MultipleChoiceInputRequest,337,3,2,0,3,10,0,3,44,0
org.apache.tools.ant.taskdefs.EchoXML,338,4,3,0,6,15,2,4,85,1
org.apache.tools.mail.MailMessage,339,31,1,0,5,70,407,13,615,0
org.apache.tools.ant.taskdefs.optional.depend.constantpool.DoubleCPInfo,340,3,3,0,2,11,3,3,25,0
org.apache.tools.ant.taskdefs.condition.Socket,341,4,2,0,4,13,0,4,85,0
org.apache.tools.ant.ExitStatusException,342,4,5,0,5,7,0,4,29,0
org.apache.tools.ant.Target,343,28,1,0,34,63,200,24,528,1
org.apache.tools.ant.types.resources.selectors.Name,344,6,1,0,3,11,0,6,56,0
org.apache.tools.ant.taskdefs.condition.Contains,345,5,1,0,3,9,0,5,64,0
org.apache.tools.ant.taskdefs.optional.junit.JUnitTaskMirror,346,3,1,0,7,3,3,3,3,0
org.apache.tools.ant.ProjectComponent,347,10,1,28,67,14,35,10,75,0
org.apache.tools.ant.filters.StripLineComments,348,8,5,0,5,26,0,5,172,0
org.apache.tools.ant.taskdefs.optional.dotnet.CSharp,349,23,6,0,4,42,185,15,249,0
org.apache.tools.ant.types.ResourceFactory,350,1,1,0,9,1,0,1,1,0
org.apache.tools.ant.DynamicConfiguratorNS,351,0,1,0,3,0,0,0,0,0
org.apache.tools.ant.types.TimeComparison,352,8,2,1,8,15,20,7,136,0
org.apache.tools.ant.taskdefs.optional.vss.MSVSSCREATE,353,5,4,0,5,21,10,4,71,0
org.apache.tools.tar.TarBuffer,354,21,1,0,2,36,38,17,620,1
org.apache.tools.ant.types.selectors.NotSelector,355,4,6,0,8,13,6,4,44,0
org.apache.tools.ant.util.depend.bcel.AncestorAnalyzer,356,3,2,0,3,31,3,1,202,0
org.apache.tools.ant.taskdefs.DependSet,357,14,4,0,25,59,67,8,304,3
org.apache.tools.ant.taskdefs.optional.dotnet.Ilasm,358,31,5,0,7,51,381,20,376,0
org.apache.tools.ant.types.selectors.DependSelector,359,3,5,0,10,12,1,3,76,0
org.apache.tools.ant.taskdefs.optional.junit.ArrayEnumeration,360,3,1,0,1,5,0,3,45,0
org.apache.tools.ant.types.resources.TarResource,361,11,5,0,8,49,21,9,265,0
org.apache.tools.ant.taskdefs.optional.perforce.P4Submit,362,7,4,0,4,14,15,5,56,0
org.apache.tools.ant.types.Parameterizable,363,1,1,0,4,1,0,1,1,0
org.apache.tools.ant.taskdefs.Copy,364,45,3,2,25,157,744,27,1828,5
org.apache.tools.ant.util.WeakishReference,365,3,1,1,1,6,1,2,22,0
org.apache.tools.ant.taskdefs.CVSPass,366,6,3,0,3,32,0,5,1254,0
org.apache.tools.ant.types.LogLevel,367,5,2,2,3,8,8,3,101,0
org.apache.tools.ant.taskdefs.optional.dotnet.WsdlToDotnet,368,18,3,0,6,55,79,15,322,0
org.apache.tools.ant.types.resources.comparators.Size,369,2,4,0,2,4,1,1,12,0
org.apache.tools.ant.types.PropertySet,370,24,3,0,21,96,246,20,610,0
org.apache.tools.ant.taskdefs.optional.j2ee.ServerDeploy,371,9,3,0,7,20,12,9,75,0
org.apache.tools.ant.util.CollectionUtils,372,7,1,0,5,19,21,7,105,4
org.apache.tools.ant.Project,373,120,1,0,365,288,6692,103,2384,10
org.apache.tools.ant.taskdefs.optional.jsp.JspNameMangler,374,7,1,0,2,24,19,3,373,0
org.apache.tools.ant.taskdefs.Replace,375,30,4,0,10,100,271,16,788,3
org.apache.tools.ant.taskdefs.optional.clearcase.CCMkdir,376,11,4,0,7,33,37,8,178,0
org.apache.tools.zip.UnrecognizedExtraField,377,10,1,0,3,13,31,10,76,1
org.apache.tools.ant.taskdefs.optional.SchemaValidate,378,17,4,0,3,58,108,9,345,0
org.apache.tools.ant.types.Path,379,34,3,0,112,112,461,28,1021,1
org.apache.tools.ant.taskdefs.optional.clearcase.CCMkelem,380,22,4,0,7,45,183,18,307,0
org.apache.tools.ant.types.RegularExpression,381,8,3,0,10,15,0,5,110,0
org.apache.tools.ant.types.resources.FailFast,382,9,1,0,5,24,4,3,156,0
org.apache.tools.ant.taskdefs.CopyPath,383,11,3,0,9,38,29,9,260,0
org.apache.tools.ant.taskdefs.compilers.Jvc,384,2,2,0,8,26,1,2,149,0
org.apache.tools.ant.types.resolver.ApacheCatalogResolver,385,6,2,0,7,31,3,5,123,0
org.apache.tools.ant.taskdefs.optional.extension.Specification,386,20,1,0,5,54,138,13,703,0
org.apache.tools.ant.taskdefs.optional.script.ScriptDefBase,387,8,3,0,5,25,16,7,152,0
org.apache.tools.ant.taskdefs.optional.clearcase.CCUpdate,388,16,4,0,7,38,84,14,234,0
org.apache.tools.ant.taskdefs.optional.depend.Depend,389,27,4,0,13,118,265,12,1542,2
org.apache.tools.ant.taskdefs.optional.perforce.P4Base,390,15,3,15,27,41,57,13,312,0
org.apache.tools.tar.TarOutputStream,391,15,3,0,3,39,41,14,469,1
org.apache.tools.ant.types.resources.Resources,392,12,3,0,15,47,44,6,240,0
org.apache.tools.ant.taskdefs.optional.ssh.ScpFromMessage,393,9,2,1,6,50,24,5,404,1
org.apache.tools.ant.taskdefs.optional.junit.JUnitResultFormatter,394,5,1,0,11,5,10,5,5,0
org.apache.tools.ant.taskdefs.Ear,395,8,6,0,7,31,16,4,147,1
org.apache.tools.ant.util.Tokenizer,396,2,1,0,6,2,1,2,2,0
org.apache.tools.ant.taskdefs.Rmic,397,48,4,0,25,112,962,44,837,2
org.apache.tools.ant.input.DefaultInputHandler,398,4,1,1,8,26,6,2,152,0
org.apache.tools.ant.util.RegexpPatternMapper,399,7,1,0,4,24,0,6,186,1
org.apache.tools.ant.taskdefs.optional.ccm.CCMCheckinDefault,400,1,5,0,1,4,0,1,11,0
org.apache.tools.ant.taskdefs.condition.Condition,401,1,1,0,36,1,0,1,1,0
org.apache.tools.ant.taskdefs.optional.unix.Chgrp,402,4,6,0,4,16,0,3,52,0
org.apache.tools.mail.MailPrintStream,403,5,4,0,1,9,10,3,81,0
org.apache.tools.ant.taskdefs.XSLTLiaison2,404,1,1,0,3,1,0,1,1,0
org.apache.tools.ant.taskdefs.XSLTLiaison3,405,1,1,0,4,1,0,1,1,0
org.apache.tools.ant.taskdefs.rmic.RmicAdapter,406,4,1,0,6,4,6,4,4,0
org.apache.tools.ant.util.java15.ProxyDiagnostics,407,3,1,0,1,23,1,3,121,0
org.apache.tools.ant.taskdefs.condition.Xor,408,2,3,0,3,7,1,2,25,0
org.apache.tools.ant.util.FlatFileNameMapper,409,4,1,0,2,7,6,4,20,0
org.apache.tools.ant.filters.util.JavaClassHelper,410,3,1,0,4,19,1,2,89,0
org.apache.tools.ant.taskdefs.optional.ejb.InnerClassFilenameFilter,411,2,1,0,1,11,0,1,47,0
org.apache.tools.ant.types.resources.selectors.Compare,412,8,3,0,11,33,4,6,167,0
org.apache.tools.ant.taskdefs.optional.depend.constantpool.FloatCPInfo,413,3,3,0,2,11,3,3,25,0
org.apache.tools.ant.util.FileNameMapper,414,3,1,0,38,3,3,3,3,0
org.apache.tools.ant.taskdefs.optional.perforce.P4Counter,415,5,4,0,6,17,0,5,134,0
org.apache.tools.ant.types.resources.ImmutableResourceException,416,2,4,0,2,4,1,2,9,0
org.apache.tools.ant.taskdefs.optional.ejb.BorlandGenerateClient,417,14,3,0,9,52,15,10,468,0
org.apache.tools.ant.util.optional.NoExitSecurityManager,418,3,2,0,1,5,3,3,12,0
org.apache.tools.ant.filters.util.ChainReaderHelper,419,9,1,0,17,39,10,8,353,1
org.apache.tools.ant.taskdefs.ManifestException,420,1,3,0,6,2,0,1,5,0
org.apache.tools.ant.taskdefs.ExecuteWatchdog,421,9,1,0,17,23,0,8,141,0
org.apache.tools.ant.util.TeeOutputStream,422,6,2,0,4,12,0,6,70,0
org.apache.tools.ant.taskdefs.optional.perforce.P4Handler,423,2,1,0,20,2,1,2,2,0
org.apache.tools.ant.taskdefs.optional.clearcase.CCMkattr,424,22,4,0,8,46,189,16,333,0
org.apache.tools.ant.util.regexp.RegexpFactory,425,4,2,0,7,18,6,3,119,0
org.apache.tools.ant.taskdefs.optional.extension.LibFileSet,426,7,5,0,3,8,15,4,34,0
org.apache.tools.ant.taskdefs.optional.extension.Compatibility,427,2,1,0,2,3,0,1,12,0
org.apache.tools.ant.types.resources.StringResource,428,17,4,0,8,41,104,14,185,0
org.apache.tools.ant.filters.TokenFilter,429,19,4,0,19,41,23,19,319,0
org.apache.tools.ant.util.OutputStreamFunneler,430,12,1,0,2,21,42,4,146,0
org.apache.tools.ant.taskdefs.SubAnt,431,31,3,0,15,109,365,27,778,1
org.apache.tools.ant.types.optional.depend.DependScanner,432,15,2,0,6,43,95,15,202,0
org.apache.tools.ant.launch.AntMain,433,1,1,0,2,1,0,1,1,0
org.apache.tools.ant.taskdefs.Ant,434,28,3,0,18,132,130,19,1139,3
org.apache.tools.ant.util.ReflectWrapper,435,6,1,0,3,14,0,6,58,0
org.apache.tools.ant.types.selectors.SelectorScanner,436,3,1,0,3,3,3,3,3,0
org.apache.tools.ant.util.DateUtils,437,11,1,0,4,36,51,8,314,1
org.apache.tools.ant.types.FilterChain,438,25,3,1,35,39,0,25,189,0
org.apache.tools.ant.launch.LaunchException,439,1,3,0,1,2,0,1,5,0
org.apache.tools.ant.taskdefs.optional.native2ascii.Native2AsciiAdapter,440,1,1,0,4,1,0,1,1,0
org.apache.tools.ant.input.GreedyInputHandler,441,2,2,0,6,20,1,2,80,0
org.apache.tools.ant.types.optional.ScriptMapper,442,7,3,0,3,16,13,6,55,0
org.apache.tools.ant.types.resolver.ApacheCatalog,443,4,2,0,6,14,0,3,96,0
org.apache.tools.ant.taskdefs.StreamPumper,444,10,1,0,5,18,21,8,182,1
org.apache.tools.ant.taskdefs.optional.perforce.P4Edit,445,3,4,0,4,10,0,3,55,0
org.apache.tools.ant.taskdefs.optional.vss.MSVSSCHECKIN,446,7,4,0,6,28,21,6,92,0
org.apache.tools.ant.DynamicElementNS,447,1,1,0,4,1,0,1,1,0
org.apache.tools.ant.taskdefs.JDBCTask,448,26,3,1,8,60,225,20,526,1
org.apache.tools.ant.taskdefs.email.EmailTask,449,32,3,2,16,97,362,32,941,4
org.apache.tools.ant.taskdefs.Execute,450,33,1,0,70,121,440,25,1095,0
org.apache.tools.ant.taskdefs.optional.XMLValidateTask,451,29,3,1,18,96,294,16,796,0
org.apache.tools.ant.types.optional.depend.ClassfileSet,452,7,5,0,6,31,0,6,163,0
org.apache.tools.ant.util.KeepAliveOutputStream,453,2,3,0,2,3,1,2,7,0
org.apache.tools.ant.taskdefs.optional.jlink.JlinkTask,454,11,4,0,6,35,9,8,217,0
org.apache.tools.ant.XmlLogger,455,16,1,0,12,75,50,12,682,1
org.apache.tools.ant.taskdefs.optional.junit.XMLConstants,456,0,1,0,2,0,0,0,22,0
org.apache.tools.ant.filters.StringInputStream,457,2,3,0,1,5,1,2,17,0
org.apache.tools.ant.taskdefs.rmic.DefaultRmicAdapter,458,15,1,4,12,53,71,5,390,3
org.apache.tools.ant.taskdefs.Dirname,459,4,3,0,4,10,2,4,48,0
org.apache.tools.ant.taskdefs.optional.perforce.P4Fstat,460,9,4,0,7,37,10,6,323,0
org.apache.tools.ant.taskdefs.optional.vss.MSVSSCHECKOUT,461,11,4,0,8,38,55,10,122,0
org.apache.tools.ant.taskdefs.optional.extension.LibraryDisplayer,462,6,1,0,5,26,15,0,211,0
org.apache.tools.ant.types.TarScanner,463,2,3,0,7,17,1,1,108,0
org.apache.tools.ant.filters.ConcatFilter,464,9,5,0,4,28,12,8,217,0
org.apache.tools.ant.taskdefs.ImportTask,465,5,3,0,7,31,4,4,178,0
org.apache.tools.ant.taskdefs.optional.perforce.P4Resolve,466,13,4,0,4,22,56,12,298,0
org.apache.tools.ant.taskdefs.SendEmail,467,2,4,0,1,5,1,2,10,0
org.apache.tools.ant.taskdefs.Delete,468,46,4,0,39,135,17,40,1100,5
org.apache.tools.ant.util.StringTokenizer,469,8,2,1,4,18,2,7,194,0
org.apache.tools.ant.taskdefs.Input,470,8,3,0,8,32,0,8,190,0
org.apache.tools.ant.taskdefs.optional.sos.SOS,471,38,3,4,16,68,601,13,534,0
org.apache.tools.ant.taskdefs.optional.dotnet.DotnetDefine,472,7,1,0,5,12,11,7,72,0
org.apache.tools.ant.taskdefs.optional.ccm.CCMCheckin,473,1,5,0,1,8,0,1,18,0
org.apache.tools.ant.SubBuildListener,474,2,1,0,6,2,1,2,2,0
org.apache.tools.ant.taskdefs.XmlProperty,475,34,3,0,9,106,435,15,1020,1
org.apache.tools.ant.types.resources.GZipResource,476,5,5,0,2,9,10,2,24,0
org.apache.tools.ant.Main,477,23,1,0,17,126,161,5,2117,4
org.apache.tools.ant.filters.LineContainsRegExp,478,10,5,0,7,32,0,7,221,0
org.apache.tools.ant.taskdefs.optional.junit.JUnitTask,479,63,3,0,36,267,1715,36,2328,5
org.apache.tools.ant.types.FileSet,480,6,4,5,64,17,15,5,67,0
org.apache.tools.ant.taskdefs.condition.ResourcesMatch,481,4,1,0,6,18,0,4,100,0
org.apache.tools.ant.taskdefs.ConditionTask,482,5,3,0,4,18,0,5,148,0
org.apache.tools.ant.taskdefs.Java,483,60,3,0,35,178,1304,43,1152,2
org.apache.tools.ant.util.depend.DependencyAnalyzer,484,10,1,0,5,10,45,10,10,0
org.apache.tools.ant.taskdefs.optional.sos.SOSCheckout,485,4,4,0,3,14,6,3,68,0
org.apache.tools.ant.types.optional.ScriptCondition,486,4,3,0,3,7,0,4,26,0
org.apache.tools.ant.util.FileTokenizer,487,3,2,1,4,5,3,3,11,0
org.apache.tools.ant.taskdefs.Copyfile,488,6,3,0,4,24,1,6,135,0
org.apache.tools.ant.taskdefs.optional.ssh.ScpFromMessageBySftp,489,5,3,0,9,44,8,3,298,1
org.apache.tools.ant.TaskAdapter,490,6,3,0,7,28,9,6,261,0
org.apache.tools.ant.taskdefs.AntStructure,491,8,3,0,6,36,18,4,182,0
org.apache.tools.ant.taskdefs.cvslib.CVSEntry,492,9,1,0,4,19,14,9,88,0
org.apache.tools.ant.NoBannerLogger,493,4,2,0,4,17,0,4,57,1
org.apache.tools.ant.taskdefs.Antlib,494,7,3,0,10,46,9,4,212,1
org.apache.tools.ant.types.resources.selectors.InstanceOf,495,9,1,0,7,21,16,9,123,0
org.apache.tools.ant.taskdefs.optional.jsp.WLJspc,496,9,4,0,9,61,14,7,586,0
org.apache.tools.ant.MagicNames,497,1,1,0,0,2,0,0,26,2
org.apache.tools.ant.types.RedirectorElement,498,28,3,0,13,85,248,24,860,0
org.apache.tools.ant.taskdefs.compilers.Kjc,499,3,2,0,10,23,3,2,145,0
org.apache.tools.ant.types.resources.selectors.None,500,3,4,0,3,9,3,3,33,0
org.apache.tools.ant.taskdefs.Classloader,501,10,3,0,6,38,9,10,260,3
org.apache.tools.ant.taskdefs.optional.ejb.WeblogicTOPLinkDeploymentTool,502,6,3,0,5,22,7,4,98,0
org.apache.tools.ant.DynamicConfigurator,503,0,1,0,4,0,0,0,0,0
org.apache.tools.ant.taskdefs.optional.j2ee.JonasHotDeploymentTool,504,9,3,0,8,38,14,7,345,0
org.apache.tools.ant.taskdefs.optional.clearcase.CCUnCheckout,505,5,4,0,7,27,4,4,109,0
org.apache.tools.ant.taskdefs.optional.vss.MSVSSHISTORY,506,12,4,0,6,45,66,11,173,0
org.apache.tools.ant.DynamicAttributeNS,507,1,1,0,3,1,0,1,1,0
org.apache.tools.ant.taskdefs.Tar,508,22,4,0,25,172,151,10,1224,4
org.apache.tools.ant.taskdefs.rmic.WLRmic,509,4,2,0,9,22,6,4,130,2
org.apache.tools.ant.taskdefs.SignJar,510,20,4,0,9,56,150,15,455,2
org.apache.tools.ant.taskdefs.Definer,511,25,5,1,14,91,196,16,800,1
org.apache.tools.ant.taskdefs.optional.extension.JarLibResolveTask,512,13,3,0,10,36,20,9,369,0
org.apache.tools.ant.taskdefs.compilers.AptExternalCompilerAdapter,513,3,2,0,6,15,3,2,50,0
org.apache.tools.ant.taskdefs.optional.jsp.compilers.DefaultJspCompilerAdapter,514,10,1,1,6,26,41,5,129,0
org.apache.tools.ant.types.ResourceLocation,515,7,1,1,6,8,3,7,43,0
org.apache.tools.ant.types.selectors.modifiedselector.ModifiedSelector,516,40,5,0,30,121,622,36,1031,2
org.apache.tools.ant.taskdefs.optional.depend.AntAnalyzer,517,3,2,0,3,36,3,1,241,1
org.apache.tools.ant.taskdefs.condition.ConditionBase,518,25,2,7,27,38,0,21,198,0
org.apache.tools.ant.taskdefs.optional.perforce.P4Integrate,519,26,4,0,4,34,203,26,399,0
org.apache.tools.ant.util.ReflectUtil,520,6,1,0,4,15,15,5,125,1
org.apache.tools.ant.taskdefs.optional.ccm.CCMCreateTask,521,20,4,0,7,52,154,19,377,0
org.apache.tools.ant.taskdefs.Get,522,11,3,0,9,54,15,10,493,3
org.apache.tools.ant.util.RetryHandler,523,2,1,0,2,9,0,2,74,0
org.apache.tools.ant.types.mappers.FilterMapper,524,4,4,0,7,19,6,4,74,0
org.apache.tools.zip.ZipFile,525,17,1,0,13,73,82,10,598,7
org.apache.tools.ant.taskdefs.compilers.CompilerAdapterFactory,526,4,1,0,14,27,4,1,221,0
org.apache.tools.ant.util.LazyHashtable,527,9,3,0,0,16,34,8,60,0
org.apache.tools.ant.types.selectors.DateSelector,528,14,5,0,12,41,29,13,377,0
org.apache.tools.ant.taskdefs.optional.script.ScriptDef,529,14,5,0,14,69,25,14,492,0
org.apache.tools.ant.taskdefs.condition.IsFileSelected,530,6,4,0,7,16,9,5,72,0
org.apache.tools.ant.taskdefs.ExecuteOn,531,31,4,4,29,104,347,20,1270,2
org.apache.tools.ant.taskdefs.PathConvert,532,21,3,0,12,61,144,15,507,0
org.apache.tools.tar.TarEntry,533,35,1,0,8,73,353,34,776,1
org.apache.tools.ant.taskdefs.optional.jsp.Jasper41Mangler,534,4,1,0,2,17,6,3,127,0
org.apache.tools.ant.types.resources.selectors.Not,535,4,1,0,5,7,4,4,35,0
org.apache.tools.ant.taskdefs.optional.depend.constantpool.MethodRefCPInfo,536,7,2,0,4,21,3,7,108,0
org.apache.tools.ant.taskdefs.Echo,537,8,3,0,6,27,0,8,141,0
org.apache.tools.ant.util.DOMUtils,538,7,1,0,3,15,21,7,66,0
org.apache.tools.ant.helper.DefaultExecutor,539,4,1,0,4,8,4,3,45,0
org.apache.tools.ant.taskdefs.optional.extension.Compatability,540,2,1,0,0,3,0,1,12,0
org.apache.tools.ant.util.Watchdog,541,7,1,0,3,22,0,6,112,1
org.apache.tools.ant.taskdefs.optional.vss.MSVSSGET,542,12,4,0,8,41,66,11,130,0
org.apache.tools.ant.taskdefs.DiagnosticsTask,543,3,3,0,3,5,1,2,14,0
org.apache.tools.ant.taskdefs.optional.extension.DeweyDecimal,544,2,2,0,5,4,1,2,10,0
org.apache.tools.ant.taskdefs.condition.And,545,2,3,0,3,7,1,2,23,0
org.apache.tools.ant.types.Commandline,546,31,1,0,81,71,311,27,644,2
org.apache.tools.ant.UnsupportedElementException,547,2,5,0,3,3,0,2,13,0
org.apache.tools.ant.taskdefs.optional.ccm.CCMReconfigure,548,9,4,0,6,25,18,8,120,0
org.apache.tools.ant.Executor,549,2,1,0,4,2,1,2,2,0
org.apache.tools.ant.taskdefs.Recorder,550,20,3,0,9,46,160,17,206,2
org.apache.tools.ant.types.selectors.AbstractSelectorContainer,551,27,3,2,25,41,321,27,191,1
org.apache.tools.ant.types.resources.Tokens,552,5,4,0,10,27,2,3,146,0
org.apache.tools.ant.taskdefs.compilers.Javac13,553,2,2,0,6,13,1,2,66,0
org.apache.tools.ant.taskdefs.compilers.Javac12,554,2,2,0,10,22,1,2,163,0
org.apache.tools.ant.taskdefs.optional.perforce.P4Revert,555,4,4,0,4,13,0,4,81,0
org.apache.tools.ant.filters.HeadFilter,556,10,5,0,5,25,0,6,251,0
org.apache.tools.ant.taskdefs.optional.junit.JUnitTestRunner,557,39,1,0,25,150,625,24,1561,6
org.apache.tools.ant.dispatch.DispatchTask,558,4,3,1,3,5,4,4,17,0
org.apache.tools.ant.types.resources.PropertyResource,559,10,4,0,6,32,41,9,134,0
org.apache.tools.ant.taskdefs.Jar,560,31,5,2,24,152,349,13,1413,6
org.apache.tools.ant.taskdefs.optional.jsp.JspC,561,42,4,0,15,92,753,36,707,0
org.apache.tools.zip.ZipLong,562,10,1,0,3,11,15,10,154,1
org.apache.tools.ant.util.depend.AbstractAnalyzer,563,16,1,3,6,40,80,10,254,0
org.apache.tools.ant.util.ReaderInputStream,564,9,2,1,2,23,0,9,246,0
org.apache.tools.ant.types.selectors.ContainsSelector,565,9,5,0,15,34,4,9,266,0
org.apache.tools.ant.taskdefs.GenerateKey,566,14,3,0,6,34,65,14,378,0
org.apache.tools.ant.types.resources.BaseResourceCollectionContainer,567,15,3,3,10,47,39,11,310,1
org.apache.tools.ant.taskdefs.Typedef,568,1,6,1,3,2,0,1,4,0
org.apache.tools.ant.helper.SingleCheckExecutor,569,3,1,0,4,7,3,3,17,0
org.apache.tools.ant.types.Resource,570,29,3,7,89,59,328,27,471,0
org.apache.tools.ant.taskdefs.optional.perforce.P4Add,571,6,4,0,7,29,0,5,195,0
org.apache.tools.ant.taskdefs.optional.PropertyFile,572,10,3,0,5,41,21,5,214,0
org.apache.tools.ant.types.Description,573,5,3,0,8,26,10,3,144,0
org.apache.tools.ant.types.FlexInteger,574,3,1,0,0,7,0,3,19,0
org.apache.tools.ant.taskdefs.Filter,575,6,3,0,5,17,5,5,94,0
org.apache.tools.ant.taskdefs.AbstractCvsTask,576,42,3,4,19,107,739,33,898,1
org.apache.tools.ant.taskdefs.optional.extension.ExtensionUtil,577,7,1,0,12,46,21,0,264,0
org.apache.tools.ant.taskdefs.optional.unix.Chown,578,4,6,0,4,16,0,3,52,0
org.apache.tools.ant.BuildException,579,15,4,3,499,30,0,15,153,0
org.apache.tools.ant.taskdefs.Sync,580,18,3,0,12,80,61,12,549,4
org.apache.tools.ant.taskdefs.optional.depend.ClassFileUtils,581,3,1,0,2,5,3,3,19,0
org.apache.tools.ant.types.EnumeratedAttribute,582,9,1,59,62,22,28,8,130,0
org.apache.tools.ant.taskdefs.optional.jsp.compilers.JasperC,583,6,2,0,15,56,13,3,280,0
org.apache.tools.ant.taskdefs.optional.ejb.IPlanetEjbcTask,584,14,3,0,7,43,57,10,386,0
org.apache.tools.ant.taskdefs.optional.javacc.JavaCC,585,34,3,0,12,86,0,27,822,0
org.apache.tools.ant.util.ConcatResourceInputStream,586,10,2,0,6,26,9,7,156,0
org.apache.tools.ant.types.selectors.modifiedselector.EqualComparator,587,3,1,0,1,5,3,3,24,0
org.apache.tools.ant.taskdefs.condition.IsFalse,588,3,2,0,4,6,0,3,34,0
org.apache.tools.ant.taskdefs.RecorderEntry,589,25,1,0,10,53,224,17,460,1
org.apache.tools.ant.dispatch.DispatchUtils,590,2,1,0,6,23,1,2,265,0
org.apache.tools.ant.util.regexp.Regexp,591,1,1,0,13,1,0,1,3,0
org.apache.tools.ant.taskdefs.optional.sos.SOSLabel,592,5,4,0,5,18,10,4,81,0
org.apache.tools.ant.taskdefs.Manifest,593,16,1,0,8,76,0,16,616,1
org.apache.tools.ant.types.resources.selectors.Exists,594,2,1,0,6,4,1,2,8,0
org.apache.tools.ant.taskdefs.optional.ejb.EjbJar,595,28,4,0,20,78,142,26,503,0
org.apache.tools.ant.taskdefs.optional.jdepend.JDependTask,596,31,3,0,19,107,391,28,977,0
org.apache.tools.bzip2.CBZip2InputStream,597,27,2,0,6,46,53,4,2106,1
org.apache.tools.ant.taskdefs.compilers.JavacExternal,598,3,2,0,8,24,3,2,116,0
org.apache.tools.ant.taskdefs.optional.ANTLR,599,25,3,0,18,91,218,18,671,0
org.apache.tools.ant.taskdefs.optional.ejb.BorlandDeploymentTool,600,25,2,0,18,117,230,14,877,2
org.apache.tools.ant.listener.MailLogger,601,7,2,0,11,74,15,2,487,4
org.apache.tools.ant.taskdefs.optional.clearcase.CCMklabel,602,21,4,0,7,45,168,16,302,0
org.apache.tools.ant.util.UUEncoder,603,6,1,0,1,16,11,2,202,0
org.apache.tools.ant.taskdefs.ExecuteJava,604,13,1,0,24,82,22,13,552,0
org.apache.tools.ant.taskdefs.condition.ParserSupports,605,8,2,0,5,19,8,7,165,0
org.apache.tools.ant.taskdefs.optional.jlink.ConstantPool,606,1,1,0,1,13,0,0,115,0
org.apache.tools.ant.taskdefs.optional.sos.SOSCheckin,607,5,4,0,3,17,10,4,87,0
org.apache.tools.ant.types.selectors.modifiedselector.Algorithm,608,2,1,0,4,2,1,2,2,0
org.apache.tools.ant.util.depend.bcel.DependencyVisitor,609,12,2,0,8,41,48,9,203,0
org.apache.tools.ant.taskdefs.KeySubst,610,8,3,0,2,40,10,8,281,0
org.apache.tools.ant.types.FilterSet,611,26,3,0,12,85,217,19,811,2
org.apache.tools.ant.taskdefs.optional.depend.constantpool.NameAndTypeCPInfo,612,6,2,0,6,16,1,6,84,0
org.apache.tools.ant.types.selectors.modifiedselector.ChecksumAlgorithm,613,6,1,0,3,25,0,6,135,0
org.apache.tools.ant.taskdefs.XSLTLogger,614,1,1,0,3,1,0,1,1,0
org.apache.tools.ant.input.PropertyFileInputHandler,615,3,1,0,4,19,0,2,101,0
org.apache.tools.ant.types.DTDLocation,616,1,2,1,3,2,0,1,4,0
org.apache.tools.ant.taskdefs.optional.perforce.P4Sync,617,4,4,0,4,14,0,4,108,0
org.apache.tools.ant.taskdefs.Deltree,618,4,3,0,3,18,4,3,147,0
org.apache.tools.ant.taskdefs.rmic.KaffeRmic,619,5,2,0,9,25,4,3,137,0
org.apache.tools.ant.input.InputRequest,620,7,1,1,6,9,15,7,42,0
org.apache.tools.ant.UnsupportedAttributeException,621,2,5,0,4,3,0,2,13,0
org.apache.tools.ant.taskdefs.Touch,622,20,3,0,18,70,136,13,515,2
org.apache.tools.ant.types.selectors.SignedSelector,623,3,3,0,4,11,0,3,35,0
org.apache.tools.ant.filters.PrefixLines,624,7,5,0,4,23,0,5,150,0
org.apache.tools.ant.taskdefs.optional.splash.SplashTask,625,11,3,0,6,53,23,9,380,1
org.apache.tools.ant.taskdefs.Patch,626,11,3,0,10,39,0,11,247,0
org.apache.tools.ant.types.optional.ScriptSelector,627,17,4,0,8,32,16,16,140,0
org.apache.tools.ant.taskdefs.email.EmailAddress,628,8,1,0,5,16,6,7,284,0
org.apache.tools.ant.types.XMLCatalog,629,28,3,0,17,105,344,13,874,0
org.apache.tools.ant.taskdefs.optional.native2ascii.Native2AsciiAdapterFactory,630,4,1,0,8,14,6,3,79,0
org.apache.tools.bzip2.CRC,631,8,1,0,2,9,0,0,1107,0
org.apache.tools.ant.taskdefs.compilers.AptCompilerAdapter,632,5,2,0,10,34,10,2,171,0
org.apache.tools.ant.taskdefs.GZip,633,3,4,0,5,20,3,1,71,0
org.apache.tools.ant.taskdefs.cvslib.CvsTagEntry,634,7,1,0,1,11,7,7,105,0
org.apache.tools.ant.util.ContainerMapper,635,8,1,2,4,17,16,7,89,0
org.apache.tools.ant.util.XMLFragment,636,7,2,1,6,21,0,4,90,0
org.apache.tools.ant.taskdefs.optional.junit.SummaryJUnitResultFormatter,637,12,1,1,8,31,46,12,223,0
org.apache.tools.ant.taskdefs.Redirector,638,42,1,0,24,109,653,30,1212,2
org.apache.tools.zip.ZipShort,639,10,1,0,8,11,15,10,121,1
org.apache.tools.ant.types.resources.FileResourceIterator,640,8,1,0,9,13,12,8,109,0
org.apache.tools.ant.TaskContainer,641,1,1,0,14,1,0,1,1,0
org.apache.tools.ant.types.selectors.AndSelector,642,3,5,0,7,14,3,3,52,0
org.apache.tools.ant.util.regexp.JakartaOroRegexp,643,3,2,0,10,16,3,2,105,0
org.apache.tools.ant.taskdefs.compilers.CompilerAdapter,644,2,1,0,4,2,1,2,2,0
org.apache.tools.ant.taskdefs.optional.dotnet.DotnetCompile,645,64,5,3,15,111,1836,38,888,0
org.apache.tools.ant.taskdefs.optional.junit.PlainJUnitResultFormatter,646,12,1,0,9,46,34,11,386,0
org.apache.tools.ant.taskdefs.Sequential,647,3,3,0,3,10,0,3,32,0
org.apache.tools.ant.types.AbstractFileSet,648,59,3,3,38,121,1145,57,1035,3
org.apache.tools.ant.taskdefs.optional.depend.constantpool.InterfaceMethodRefCPInfo,649,7,2,0,4,21,3,7,108,0
org.apache.tools.ant.FileScanner,650,14,1,0,5,14,91,14,14,0
org.apache.tools.ant.taskdefs.optional.ejb.EJBDeploymentTool,651,4,1,0,5,4,6,4,4,0
org.apache.tools.ant.taskdefs.optional.extension.JarLibManifestTask,652,13,3,0,7,52,48,7,355,0
org.apache.tools.ant.taskdefs.optional.extension.Extension,653,23,1,0,15,56,191,16,850,0
org.apache.tools.ant.util.IdentityMapper,654,4,1,0,8,5,6,4,16,0
org.apache.tools.ant.util.JAXPUtils,655,13,1,0,12,32,70,9,155,0
org.apache.tools.ant.util.UnPackageNameMapper,656,2,2,0,1,6,1,1,20,0
org.apache.tools.ant.taskdefs.MatchingTask,657,42,3,21,47,98,0,40,327,0
org.apache.tools.ant.taskdefs.optional.ejb.GenericDeploymentTool,658,33,1,6,22,135,316,10,1367,0
org.apache.tools.ant.taskdefs.rmic.SunRmic,659,2,2,0,8,21,1,2,167,2
org.apache.tools.ant.types.resources.Union,660,8,4,0,16,25,28,5,122,0
org.apache.tools.ant.Diagnostics,661,30,1,0,10,104,429,5,1038,3
org.apache.tools.ant.util.LineOrientedOutputStream,662,7,2,2,2,15,0,5,143,0
org.apache.tools.ant.taskdefs.optional.splash.SplashScreen,663,12,5,0,3,39,58,11,213,1
org.apache.tools.ant.types.optional.ScriptFilter,664,13,3,0,8,26,0,12,98,1
org.apache.tools.ant.taskdefs.optional.jsp.compilers.JspCompilerAdapterFactory,665,4,1,0,11,18,6,2,97,0
org.apache.tools.ant.taskdefs.LoadResource,666,8,3,1,10,45,2,8,336,1
org.apache.tools.ant.taskdefs.optional.extension.ExtensionAdapter,667,12,3,0,11,28,36,10,214,0
org.apache.tools.ant.taskdefs.optional.depend.constantpool.ClassCPInfo,668,5,2,0,7,14,0,5,51,0
org.apache.tools.ant.util.regexp.JakartaOroMatcher,669,9,1,1,8,21,22,7,135,0
org.apache.tools.ant.types.spi.Provider,670,4,2,0,4,8,0,4,37,0
org.apache.tools.ant.taskdefs.optional.perforce.P4Have,671,2,4,0,4,8,1,2,25,0
org.apache.tools.ant.taskdefs.optional.Native2Ascii,672,16,4,0,19,56,60,14,362,0
org.apache.tools.ant.taskdefs.optional.j2ee.AbstractHotDeploymentTool,673,15,1,2,7,24,77,13,109,0
org.apache.tools.ant.types.resources.comparators.Date,674,2,4,0,3,4,1,1,12,1
org.apache.tools.ant.Location,675,11,1,0,150,26,41,9,134,0
org.apache.tools.ant.types.ZipFileSet,676,9,6,0,12,28,6,4,143,0
org.apache.tools.ant.taskdefs.GUnzip,677,4,4,0,5,26,6,1,129,0
org.apache.tools.ant.util.LeadPipeInputStream,678,9,3,0,3,20,34,9,177,0
org.apache.tools.ant.helper.AntXMLContext,679,28,1,0,11,52,282,28,300,0
org.apache.tools.ant.util.regexp.JakartaRegexpMatcher,680,10,1,1,6,20,39,7,129,0
org.apache.tools.ant.util.regexp.JakartaRegexpRegexp,681,3,2,0,5,16,3,2,95,0
org.apache.tools.ant.taskdefs.optional.pvcs.Pvcs,682,36,3,0,12,111,528,32,1006,0
org.apache.tools.tar.TarInputStream,683,15,3,0,5,42,69,15,538,1
org.apache.tools.ant.types.selectors.NoneSelector,684,3,5,1,9,14,3,3,52,0
org.apache.tools.ant.types.selectors.FileSelector,685,1,1,0,22,1,0,1,1,0
org.apache.tools.ant.taskdefs.condition.Or,686,2,3,0,3,7,1,2,23,0
org.apache.tools.ant.taskdefs.Chmod,687,18,5,0,11,60,39,16,305,1
org.apache.tools.ant.types.selectors.ContainsRegexpSelector,688,7,5,0,15,32,1,7,209,0
org.apache.tools.ant.types.resources.BZip2Resource,689,6,5,0,4,13,9,2,70,0
org.apache.tools.ant.taskdefs.optional.ssh.ScpToMessageBySftp,690,13,3,0,9,41,48,7,285,0
org.apache.tools.ant.types.Assertions,691,13,3,0,11,40,0,10,289,0
org.apache.tools.ant.taskdefs.condition.IsReference,692,4,2,0,6,14,2,4,68,1
org.apache.tools.ant.helper.ProjectHelper2,693,17,2,0,17,85,74,4,461,1
org.apache.tools.ant.taskdefs.optional.junit.AggregateTransformer,694,14,1,0,16,86,41,8,451,0
org.apache.tools.ant.util.depend.bcel.FullAnalyzer,695,3,2,0,6,32,3,1,185,0
org.apache.tools.ant.taskdefs.optional.ssh.LogListener,696,1,1,0,4,1,0,1,1,0
org.apache.tools.ant.taskdefs.ProcessDestroyer,697,7,1,0,2,36,0,5,335,0
org.apache.tools.ant.types.resources.comparators.Name,698,2,4,0,2,5,1,1,11,0
org.apache.tools.ant.filters.EscapeUnicode,699,5,5,0,3,19,4,4,107,0
org.apache.tools.ant.taskdefs.optional.native2ascii.DefaultNative2Ascii,700,5,1,2,8,13,10,2,53,0
org.apache.tools.ant.util.regexp.RegexpUtil,701,3,1,0,6,4,3,3,20,0
org.apache.tools.ant.taskdefs.PumpStreamHandler,702,16,1,3,14,26,82,9,183,1
org.apache.tools.ant.taskdefs.Parallel,703,18,3,0,8,52,101,9,519,1
org.apache.tools.ant.util.PropertyOutputStream,704,3,3,0,3,8,1,3,49,0
org.apache.tools.ant.taskdefs.email.PlainMailer,705,3,2,1,8,43,3,1,250,1
org.apache.tools.ant.taskdefs.optional.extension.resolvers.AntResolver,706,7,1,0,6,25,1,6,104,0
org.apache.tools.ant.taskdefs.compilers.DefaultCompilerAdapter,707,25,1,10,26,103,134,3,1167,2
org.apache.tools.ant.taskdefs.optional.ssh.SSHBase,708,18,3,2,10,43,61,16,184,0
org.apache.tools.ant.taskdefs.optional.dotnet.DotnetResource,709,16,1,0,9,39,82,14,297,0
org.apache.tools.ant.taskdefs.optional.depend.constantpool.LongCPInfo,710,3,3,0,2,11,3,3,25,0
org.apache.tools.ant.taskdefs.BZip2,711,3,4,0,6,22,3,1,82,0
org.apache.tools.ant.taskdefs.Property,712,35,3,0,13,93,519,25,807,1
org.apache.tools.ant.taskdefs.optional.depend.constantpool.StringCPInfo,713,4,3,0,4,16,0,4,46,0
org.apache.tools.ant.taskdefs.cvslib.RedirectingOutputStream,714,2,3,0,3,4,0,1,14,0
org.apache.tools.ant.filters.BaseFilterReader,715,10,3,6,9,20,21,5,146,0
org.apache.tools.ant.types.DirSet,716,7,4,0,9,22,21,6,103,0
org.apache.tools.ant.taskdefs.optional.native2ascii.SunNative2Ascii,717,3,2,0,7,18,3,1,82,0
org.apache.tools.ant.taskdefs.PreSetDef,718,4,4,0,10,20,2,4,112,0
org.apache.tools.ant.taskdefs.optional.javah.JavahAdapterFactory,719,4,1,0,8,14,6,3,79,0
org.apache.tools.ant.types.optional.AbstractScriptComponent,720,12,2,2,8,25,0,10,91,1
org.apache.tools.ant.taskdefs.optional.ejb.WeblogicDeploymentTool,721,32,2,1,16,140,400,23,1196,1
org.apache.tools.ant.types.resources.comparators.DelegatedResourceComparator,722,6,4,0,7,27,0,4,169,0
org.apache.tools.ant.util.DeweyDecimal,723,10,1,1,4,23,0,10,298,0
org.apache.tools.ant.filters.ChainableReader,724,1,1,0,23,1,0,1,1,0
org.apache.tools.ant.types.resources.URLResource,725,23,4,0,6,64,213,18,409,0
org.apache.tools.ant.taskdefs.Untar,726,6,4,0,9,32,9,3,182,2
org.apache.tools.ant.listener.CommonsLoggingListener,727,14,1,0,10,45,3,12,459,0
org.apache.tools.ant.ComponentHelper,728,39,1,0,26,154,449,26,1711,0
org.apache.tools.ant.RuntimeConfigurable,729,25,1,0,20,71,182,22,515,1
org.apache.tools.mail.SmtpResponseReader,730,5,1,0,1,19,0,3,108,0
org.apache.tools.ant.taskdefs.VerifyJar,731,4,4,0,9,36,0,3,179,1
org.apache.tools.ant.taskdefs.optional.ssh.ScpToMessage,732,15,2,1,7,49,75,9,402,1
org.apache.tools.ant.taskdefs.optional.unix.Symlink,733,23,4,0,13,96,181,16,856,5
org.apache.tools.ant.ProjectHelper,734,18,1,2,24,68,151,17,386,1
org.apache.tools.ant.listener.Log4jListener,735,8,1,0,7,33,0,8,305,1
org.apache.tools.ant.filters.FixCrLfFilter,736,18,5,0,14,44,77,16,331,0
org.apache.tools.ant.taskdefs.AbstractJarSignerTask,737,24,3,2,14,65,222,13,348,0
org.apache.tools.ant.taskdefs.optional.ejb.JbossDeploymentTool,738,6,2,0,5,23,9,3,160,0
org.apache.tools.ant.taskdefs.ManifestClassPath,739,6,3,0,6,33,3,6,292,2
org.apache.tools.ant.taskdefs.optional.perforce.P4Reopen,740,3,4,0,4,11,0,3,53,0
org.apache.tools.ant.taskdefs.Javadoc,741,92,3,0,34,261,3726,81,2704,4
org.apache.tools.ant.types.selectors.BaseSelector,742,6,3,6,10,10,3,6,46,0
org.apache.tools.ant.types.resources.selectors.ResourceSelectorContainer,743,7,3,5,9,26,0,6,141,0
org.apache.tools.ant.taskdefs.compilers.Gcj,744,5,2,0,8,34,8,3,216,1
org.apache.tools.ant.taskdefs.optional.depend.JarFileIterator,745,2,1,0,2,18,0,2,83,0
